textid,anger,disgust,fear,joy,sad,surprise
1,0.134894,0.0814822,0.170757,0.124032,0.219794,0.26906
2,0.148234,0.081658,0.155946,0.316224,0.208884,0.0890739
3,0.0363872,0.00870025,0.244641,0.151371,0.326176,0.232705
4,0.00989192,0.0120421,0.219434,0.235101,0.306473,0.21708
5,0.0034861,0.00174305,0.39113,0.125507,0.28721,0.190942
